text,label,predicted,reasoning
Finnish industrial group Ruukki Group Plc OMX Helsinki : RUG1V said on Friday 14 November that its furniture business segment Incap Furniture has concluded personnel negotiations that were started at the end of September .,neutral,neutral,Neutral: No clear sentiment indicators found.
"Operating loss totalled EUR 4.0 mn , compared to a profit of EUR 8.6 mn in the second quarter of 2008 .",negative,neutral,"Neutral: - The text simply presents factual information about operating losses and profits without using emotional language, positive expressions, or negative expressions. | Negative: - The presence of ""loss"" implies a negative outcome, indicating that something has not gone well for the company. | Neutral: - The text continues with further statistics in a dry, objective tone, without any emotional language or expression, maintaining a neutral sentiment throughout the assessment."
"Finnish Exel Composites , a technology company that designs , manufactures , and markets composite profiles and tubes for various industrial applications , reports its net sales decreased by 0.6 % in the second quarter of 2010 to EUR 19.2 mn from EUR 19.3 mn in the corresponding period in 2009 .",neutral,neutral,"Neutral: - The absence of strong emotional language, negative expressions, or tone shifts suggests a neutral tone, implying that the content is presenting factual information about financial performance. | Negative: - Although the decrease in net sales by 0.6% may not seem like a significant drop, the context implies that this change might be viewed negatively by investors or stakeholders, potentially affecting the company's reputation and financial outlook. | Neutral: - The use of neutral language to report financial data without any emotional undertones or praise, making it difficult to discern any sentiment other than the factual information presented about the decrease in net sales."
Finnish Raute Precision that supplies weighing and dosing systems and plants is changing its name to Lahti Precision .,neutral,neutral,"Neutral: - The text provides factual information about a company name change without expressing any emotions or taking a stance, implying a neutral tone. | Positive: - While the text does report a corporate action, the fact that it is simply reporting a change in company name suggests that there may be no significant negative implications for stakeholders, leading to a generally positive sentiment. | Neutral: - The text does not use any emotional language or express praise or optimism, maintaining a neutral tone throughout its simple and factual description of the corporate change."
"The company said production volumes so far indicate the circuit is capable of the targeted output rate of 60,000 tonnes per day , or 22 million tonnes a year .",neutral,neutral,Neutral: No clear sentiment indicators found.
"Look out for vintage fabric cushion covers , '70s coffee pots , ceramic serving dishes , cocktail glasses , and stainless steel party dishes .",neutral,neutral,"Neutral: - The absence of emotional language, positive expressions, negative expressions, and tone shifts makes this assessment neutral. | Positive: - While not overly enthusiastic, the use of descriptive phrases such as ""Look out for"" suggests a sense of excitement or anticipation, implying a slightly positive sentiment. | Neutral: - The text appears to be a factual statement about vintage items, with no apparent emotional language, negative expressions, or tone shifts that would alter its neutral sentiment."
Infection worries prompt regulatory reviews of Gilead leukaemia drug $GILD https://t.co/H9vqXpZ15G via @YahooFinance,negative,neutral,"Neutral: - The text does not contain any emotional language, positive expressions, negative expressions, or tone shifts.  The reason for this assessment is that the text primarily presents factual information about regulatory reviews of a Gilead leukaemia drug, without evoking strong emotions or conveying any particular opinion.  Assessment 2: | Negative: - The word ""worries"" implies concern and potentially fear.   The reason for this assessment is that the use of ""worries"" suggests a negative emotional tone, implying that readers might be worried about the potential implications of regulatory reviews on the Gilead leukaemia drug.  Assessment 3: | Neutral: - The text does not exhibit overtly positive or negative language.   The reason for this assessment is that the text presents factual information about regulatory reviews in a straightforward manner, without using emotive language to persuade or influence readers' opinions."
"Last month , Outokumpu sold more than 80 percent of its technology unit , Outokumpu Technology Oyj , to further its strategic goal of becoming the world 's largest stainless steel maker .",positive,neutral,"Neutral: - The text provides factual information about a business transaction without expressing emotion or opinion. | Positive: - The use of words like ""largest"" and the mention of ""strategic goal"" convey a sense of ambition and success, which contributes to a positive sentiment. | Neutral: - There is no emotional language, negative expressions, or tone shifts in the text, suggesting a neutral or objective tone that focuses on conveying information about the business transaction."
( The acquisition sum has not been disclosed . ),neutral,neutral,"Neutral: - The absence of emotional language, positive expressions, negative expressions, or tone shifts suggests a neutral tone. | Negative: - The phrase ""acquisition sum has not been disclosed"" implies a lack of transparency or openness, which can evoke feelings of skepticism or distrust. | Neutral: - There are no overt sentiment indicators in the text, suggesting that the sentiment is neutral and based on factual information rather than emotional language or expression."
"The OMX Nordic 40 ( OMXN40 ) index , comprising the 40 most traded Nordic stocks on the Nasdaq OMX exchange , closed up 0.43 % at 1,138.84 points on Wednesday .",positive,neutral,Neutral: No clear sentiment indicators found.
Operating profit increased to EUR 14.0 mn from EUR 4.9 mn in the corresponding period in 2005 .,positive,neutral,"Neutral: - The text presents a factual report on a financial increase without using emotional language, making it a neutral assessment. | Positive: - The phrase ""Operating profit increased"" indicates a positive outcome, as it implies growth and improvement. However, this is a straightforward, objective statement without any emotive language or expressions. | Neutral: - There are no strong sentiment indicators in the text, such as emotional language, positive or negative expressions, or tone shifts. The report provides factual information about a financial increase in operating profit without any evaluative language, leading to a neutral assessment."
Return on investment ROI was 4.1 % compared to 43.8 % in the first half of 2008 .,neutral,negative,"Neutral: - The text provides factual information about ROI percentages without any emotional language, positive expressions, or negative expressions, indicating a neutral tone.  Assessment 2: No strong sentiment indicators were found in this short text, as it only presents numerical data and does not convey emotions or opinions.  Assessment 3: | Negative: - The comparison of the current ROI (4.1%) to its historical high (43.8%) could be perceived as a negative statement, implying that something has deteriorated since then, which could evoke feelings of disappointment or concern."
8 May 2009 - Finnish liquid handling products and diagnostic test systems maker Biohit Oyj ( HEL : BIOBV ) said today ( 8 May 2009 ) its net loss narrowed to EUR0 .1 m ( USD0 .14 m ) for the first quarter of 2009 from EUR0 .4 m for the same period of 2008 .,positive,neutral,"Neutral: - The text appears to be a factual report of financial data, presenting the net loss and comparison between periods in a straightforward manner without any emotional language or overtly positive or negative expressions. | Neutral: - There are no apparent sentiment indicators present in this text, as it solely focuses on reporting company financial data without any emotional tone shifts or value judgments. | Neutral: - The report of financial data is presented in a matter-of-fact style with no emotional language or positive/negative expressions, maintaining a balanced and objective tone throughout the passage."
Operating profit rose to EUR 1.6 mn from EUR 1.1 mn in the corresponding period in 2006 .,positive,neutral,"Neutral: - The text only provides factual information about a change in operating profit, without any emotional language, positive expressions, or negative sentiments. | Positive: - The phrase ""rose to EUR 1.6 mn"" implies an increase, which is a positive development. However, the lack of emotional language and tone shifts makes this sentiment neutral. | Neutral: - The text simply reports on a change in operating profit without expressing any opinion or emotion, indicating a balanced or neutral tone."
"On top of that , the US Commerce Department published worse-than-expected construction spending figures for November .",negative,negative,"Negative: - The presence of ""worse-than-expected"" indicates a critical tone and implies that something negative has happened, which suggests a negative sentiment. | Neutral: - There is no apparent emotional language, positive expressions, or negative expressions in this sentence. The phrase simply states an economic statistic without any evaluative language. | Negative: - The overall tone of the text is still critical due to the use of ""worse-than-expected,"" which suggests a negative sentiment and indicates that something undesirable has happened."
Cargo volume increased by approximately 5 % .,positive,neutral,"Neutral: - The absence of emotional language, positive expressions, negative expressions, and tone shifts indicates a neutral sentiment. | Positive: - Although the percentage increase is modest, the expression ""approximately 5 % "" has a positive connotation, implying growth or improvement, which suggests a slightly positive sentiment. | Neutral: - As there are no strong sentiment indicators such as emotional language, the text can be classified as having a balanced and neutral tone, with only a minor positive implication from the word 'increased'."
"Cash flow after investments amounted to EUR45m , down from EUR46m .",neutral,neutral,"Neutral: - The absence of emotional language, positive expressions, negative expressions, and tone shifts suggests a neutral tone. | Negative: - The decrease from EUR46m to EUR45m is presented as a loss, indicating a negative trend, but the overall language remains objective and factual. | Neutral: - While the figure shows a slight decrease, the language used (""down from"") does not convey any strong emotions or value judgments, maintaining a neutral tone."
- Net sales for the period are expected to fall well below that of last year and the result after non-recurring items is expected to be in the red .,negative,negative,"Negative: - The presence of phrases such as ""fall well below that of last year"" and ""in the red"", which convey a sense of disappointment, failure, and financial decline, indicating a negative sentiment. | Neutral: - This assessment is neutral because it focuses solely on providing information about the expected financial results without expressing any emotions or taking a stance. The tone is formal and objective. | Negative: - Tone Shift: The transition from ""expected to fall well below that of last year"" (formal and objective) to ""in the red"" (more emotional and critical language) suggests a shift in tone, which amplifies the negative sentiment."
"$TSLA steaming up again, this stock is relentless at the moment",positive,positive,"Positive: - The use of ""steaming up"" and ""relentless"" suggests enthusiasm and energy, implying a positive sentiment towards the stock. | Neutral: - The assessment is neutral as it does not contain any strong emotional language or overtly critical/negative expressions; however, it could be interpreted as either a promotional or speculative statement about the stock's performance. | Negative: - This assessment is incorrect due to lack of any negative expression in the given text; although some investors might interpret it negatively depending on their current view of $TSLA"
"The 718,430 new Series A shares will become subject to trading on the Helsinki Stock Exchange 's Main List , together with the old Series A shares , on July 3 , 2006 .",neutral,neutral,"Neutral: - This assessment is based on the lack of emotional language, positive expressions, or negative tone shifts in the text. The content appears to be a factual announcement about stock trading, without any evaluative or emotive language. | Negative: - This assessment is not entirely accurate, as the text does contain some negative expressions (e.g., ""become subject to"") and neutral language. However, if we're looking for overall negativity, it's essential to consider the context and tone. In this case, the sentiment can be described as somewhat formal and detached. | Neutral: - This assessment is similar to the first one, with no strong emotional language or positive/negative expressions present in the text. The content appears to be a straightforward announcement of a stock trading event, without any evaluative or emotive language that would sway the reader's sentiment."
"Operating profit before non-recurring items was EUR 8.3 mn in the first nine months of 2008 , compared to EUR 8.4 in the corresponding period in 2007 .",negative,neutral,"Neutral: - The text presents factual information without emotional language, positive expressions, or negative expressions, indicating a neutral tone. | Positive: - Although the comparison between 2007 and 2008 shows a slight decrease in operating profit, the numbers themselves (EUR 8.3 mn vs EUR 8.4) are not emotionally charged, suggesting a neutral sentiment. | Neutral: - The text is a straightforward statement of financial data without any emotional language, tone shifts, or evaluative expressions, indicating a balanced and objective tone."
$ilmn piper Jeffries raises pt.  I remain long,positive,neutral,"Neutral: - There are no strong emotional language, positive expressions, negative expressions, or tone shifts in this text.  As there are no sentiment indicators present in the text, the overall sentiment is neutral. The text appears to be a simple statement about being long on an investment, without any emotionally charged language or opinion expressed."
The Department Store Division 's sales fell by 8.6 % to EUR 140.2 mn .,negative,neutral,Neutral: No clear sentiment indicators found.
The iPad application joins the iPhone app as part of Monster 's range of mobile applications for job hunting .,neutral,neutral,"Neutral: - The absence of strong emotional language or positive/negative expressions implies a more neutral tone. | Positive: - The phrase ""part of Monster's range of mobile applications"" suggests a sense of accomplishment and expansion, which contributes to a positive sentiment. | Neutral: - The text is written in a formal and informative style, without any apparent emotional language or biased tone, suggesting a neutral sentiment."
Net profit was 35.5 mln compared with 29.8 mln .,positive,neutral,"Neutral: - The text only presents numerical data without any emotional language, positive expressions, negative expressions, or tone shifts, indicating a neutral sentiment. | Neutral: - The text reports a change in net profit from 29.8 mln to 35.5 mln, but does not convey any emotions, praise, criticism, optimism, or pessimism, suggesting a neutral tone. | Neutral: - There are no emotional language, positive expressions, negative expressions, or tone shifts present in the text, indicating that it is written in an objective and factual manner to report financial data."
"The total value of the order , placed by Aspo ' marine transportation subsidiary ESL Shipping Oy , is EUR 60 million ( USD 77.5 m ) .",neutral,neutral,"Neutral: - The text contains no emotional language, positive expressions, or negative expressions that indicate a strong sentiment. | Neutral: - Although the figure mentioned (EUR 60 million) could be perceived as substantial, the neutral tone of the sentence and the objective presentation of the information suggest a neutral sentiment rather than an explicit positive or negative emotion. | Neutral: - The lack of any emotive language, praise, criticism, or optimistic expressions makes this assessment a 'Neutral' with no further interpretation required."
$ISRG Break out confirmed. Bought Leaps. Good trading!,positive,positive,"Positive: - The use of exclamation marks (""Break out confirmed"", ""Bought Leaps"") indicates enthusiasm and excitement, suggesting a positive sentiment. | Neutral: - The text appears to be a factual announcement about a trading event, without any emotional language or explicit praise, indicating a neutral tone. | Positive: - The phrase ""Good trading!"" at the end of the message conveys a sense of satisfaction and accomplishment, reinforcing the overall positive sentiment of the message."
"Sales came in at 241 mln eur , compared with 211.4 mln , and also beating consensus forecasts of 235 mln eur .",positive,neutral,"Neutral: - The text only contains factual information about sales figures, without any emotional language, praise, criticism, or tone shifts. | Positive: - The use of ""beating"" to describe consensus forecasts implies a sense of achievement and success, indicating a positive sentiment. | Neutral: - Despite the positive expression, the overall tone remains neutral as it is primarily focused on reporting sales figures and does not convey any strong emotions or opinions."
Barclays sells benchmark indices unit to Bloomberg,positive,neutral,"Neutral: - The lack of emotional language, positive expressions, negative expressions, and tone shifts indicates a neutral tone, implying that the content is simply reporting factual information about Barclays selling its benchmark indices unit to Bloomberg. | Neutral: - There are no apparent emotional language, positive or negative expressions, or tone shifts in this text, suggesting a balanced and objective sentiment. | Neutral: - Although the text reports a significant business deal between Barclays and Bloomberg, there is no apparent emotional language, positive or negative expressions, or tone shifts that would indicate a particular sentiment; the content appears to be a straightforward factual report."
The EPS improved to EUR0 .38 from EUR0 .27 .,positive,neutral,"Neutral: - The text does not contain any emotional language, positive expressions, negative expressions, or tone shifts. It presents factual information about an improvement in EPS without expressing a personal opinion or emotion. | Neutral: - Although the text reports a numerical change (improvement) from EUR0 .27 to EUR0 .38, it is presented in a neutral and objective manner. There are no emotional language, positive expressions, negative expressions, or tone shifts that would indicate a specific sentiment. | Neutral: - The text does not convey any emotions, criticisms, praises, or optimism about the improvement in EPS. It simply reports a change without expressing a personal view or attitude, which suggests a neutral tone."
"Xerox and Stora Enso have teamed up to tailor the iGen3 to the short-run , on-demand packaging market .",positive,neutral,"Neutral: - The text states a factual company partnership without expressing any emotions or opinions. | Neutral: - The phrase ""on-demand packaging market"" suggests a focus on a specific industry, but it does not convey a positive or negative emotion. | Neutral: - There are no emotional language, positive expressions, or negative expressions in the text that could shift the tone.  Since there is no apparent emotional language, positive expressions, or negative expressions to analyze, the overall sentiment of the text remains neutral."
Operating profit fell from EUR 7.9 mn in the second quarter of 2005 to EUR 5.1 mn in the second quarter of 2006 .,negative,neutral,"Neutral: - The text lacks emotional language, positive expressions, and negative expressions, indicating a neutral tone.  There are no strong sentiment indicators present in this assessment of the provided text. The content reports financial data without using emotive language or expressing praise or criticism, suggesting a neutral sentiment."
"Particular attention is being paid to energy efficiency in the construction of the building , as it is designed to meet the requirements of energy class B , and LEED certification will be applied for .",neutral,positive,"Neutral: - The text appears to be neutral as it provides factual information about energy efficiency and certification without expressing any emotions or personal opinions. | Positive: - The use of words like ""particular attention"" implies a positive sentiment towards the building's construction and suggests that efforts are being made to improve its sustainability. | Negative: - There is no apparent negative sentiment in the text, as it presents information about energy efficiency and certification without any criticisms or complaints."
"At the close , the OMX Helsinki 25 was 0.01 pct lower at 3,067.64 points and the OMX Helsinki was down 0.05 pct at 10,321.46 points on over 1.343 bln eur of turnover .",neutral,neutral,"Neutral: - There are no emotional language indicators, positive expressions, negative expressions, or tone shifts in this text.  The text appears to be an objective financial report with facts about the OMX Helsinki indexes' closing values and turnover volume, which is presented in a neutral and factual manner.  Assessment 2:  * No Emotional Language: The text does not contain words that convey strong feelings. * No Positive Expressions: There are no words or phrases that promote positive feelings or praise. * Negative Expressions: None found * Tone Shifts: No noticeable changes in tone. * Balanced or Neutral Tone: Present  The sentiment of this text is neutral, as it reports factual information about the OMX Helsinki indexes without any emotional language or expressions.  Assessment 3:  None. There are no clear positive or negative sentiments expressed in the text, and there are no notable indicators to suggest a particular tone. The text can be considered as having a balanced or neutral tone."
"We are honored to be acknowledged for our commitment to the industry , especially in Asia Pacific . ''",positive,positive,"Neutral: - The text lacks emotional language, positive expressions, negative expressions, and tone shifts, indicating a neutral tone. | Positive: - The phrase ""We are honored"" suggests a sense of pride and satisfaction, implying a positive sentiment towards being acknowledged for one's commitment to the industry. | Positive: - The mention of ""especially in Asia Pacific"" further reinforces the idea that the acknowledgment is significant and appreciated, adding to the overall positive tone of the text."
long $SDLP $CPGX $TWTR $BITA $LABU $FB $TSLA $ETE $SDRL  Autocharts @ https://t.co/nxLx1ES7nY,positive,neutral,"Neutral: - This assessment is based on the absence of emotional language, positive expressions, and negative expressions that could indicate a specific sentiment. | Neutral: - The presence of only technical information about stock symbols and a link to an external website suggests a neutral tone, as there is no explicit emotional language or evaluative commentary. | Neutral: - While the text does contain some financial data, it lacks any emotional language, positive expressions, or negative expressions that would shift the sentiment towards being more than neutral."
Net sales fell by 5 % from the previous accounting period .,negative,negative,"Neutral: - The absence of emotional language, positive expressions, negative expressions, or tone shifts indicates a neutral tone. | Negative: - The phrase ""fell by 5%"" has a negative connotation as it implies a decline or drop in sales, which is likely to be perceived as a disappointment.  3. (No clear sentiment indicator) - There are no apparent sentiment indicators such as emotional language, positive expressions, negative expressions, or tone shifts that could provide insight into the overall sentiment of the text."
"The agreement was signed with Biohit Healthcare Ltd , the UK-based subsidiary of Biohit Oyj , a Finnish public company which develops , manufactures and markets liquid handling products and diagnostic test systems .",positive,neutral,"Neutral: - No emotional language, positive expressions, negative expressions, or tone shifts were present in this text. | Neutral: - The text provides factual information about a company and its agreement without using any emotional language or making value judgments. | Neutral: - Although there is a mention of a Finnish public company developing various products, the text remains informative and objective, conveying no clear positive or negative sentiment."
The company reported today an operating loss of EUR0 .1 m on net sales of EUR4 .5 m for the first quarter 2008 .,neutral,neutral,"Neutral: - The text appears neutral as it simply reports financial data without using emotional language or expressing any praise or criticism. | Negative: - The use of the word ""loss"" implies a negative outcome, which suggests a pessimistic tone in the context of the company's financial performance. | Neutral: - There are no overtly positive or negative expressions, and the text sticks to factual reporting without any emotional undertones, indicating a neutral sentiment."
The total capital of funds managed by the bank decreased by 28 % to EUR 284mn by the end of September 2008 .,negative,neutral,"Neutral: - The absence of emotional language, positive expressions, negative expressions, and tone shifts indicates a neutral tone, as the content provides factual information about a decrease in bank funds without any emotional appeal or bias. | Negative: - The use of ""decreased"" and ""28%"" to describe the drop in funds suggests a negative sentiment, implying that the event is undesirable or unfavorable. | Neutral: (with caution) - While the text doesn't contain overtly emotional language, the fact that it's reporting a significant decrease in bank funds might be perceived as slightly negative or alarming by readers, but this assessment leans towards neutrality due to the lack of explicit emotional language and tone shifts."
This assignment strengthens Poyry 's position as an international provider of engineering and project services to the chemical process industry .,positive,neutral,"Neutral: - The text contains factual information about Poyry's position as an international provider of engineering services, without expressing any emotions or opinions.  Assessment 2: | Positive: - The sentence ""This assignment strengthens Poyry 's position"" implies a sense of achievement and growth for the company, suggesting a positive sentiment towards its future prospects.  Assessment 3: | Neutral: - Although the text is neutral in tone overall, there is a subtle shift to positive undertones when discussing Poyry's strengthening position, but this is quickly balanced out by the factual nature of the statement."
"The company is headquartered in Sievi , Finland , and is listed on the Nordic Exchange in Helsinki .",neutral,neutral,"Neutral: - No emotional language, positive expressions, or negative expressions are present in the text.  There is no indication of strong emotions, praise, criticism, optimism, pessimism, or any notable tone shifts that would alter how the content is perceived. The text provides factual information about a company's location and listing on an exchange without expressing any emotions or opinions."
"YIT acquired investment rights to a 10,000 square metre residential project in Yaroslavl and to a 16,400 square metre project in Moscow .",neutral,neutral,"Neutral: - The text appears neutral as it simply states factual information about two real estate projects without expressing any emotions, praise, or criticism.  Assessment 2: | Positive: - While not overtly emotional, the tone of the text is formal and professional, suggesting a positive sentiment towards YIT's acquisition of investment rights.  Assessment 3: | Neutral: - The text lacks emotional language and doesn't express any strong opinions, making it neutral in terms of sentiment; however, it may imply an air of professionalism or expertise in real estate acquisitions."
Pharmaceutical market in Poland Global Research & Data Services published recently a market analysis about the pharmaceutical markets in Poland .,neutral,neutral,"Neutral: - The text appears neutral as it simply reports on a market analysis without expressing any emotions, praise, or criticism. | Neutral: - There are no clear sentiment indicators such as emotional language, positive expressions, negative expressions, tone shifts, or balanced/neutral tone to assess the sentiment in this text. | Neutral: - Although the sentence structure and content of the text is neutral,  the overall topic of ""pharmaceutical market"" can be considered somewhat serious and professional, but there isn't enough information provided about the analysis to determine a specific sentiment."
The SeaWind that was en route from the Finnish port of Turku to Stockholm got stuck in ice already around 4 p.m. on Wednesday and the Regal Star 's journey from the Swedish port of Kapellskar to Paldiski in northwestern Estonia was cut short at 2 a.m. on Thursday .,negative,neutral,"Neutral: - The text presents factual information about ship routes and delays without using emotional language or making value judgments. | Negative: - The use of words like ""got stuck"" in the context of shipping implies a negative experience or inconvenience. | Neutral: - There is no clear positive expression, emotional language, or tone shift that would indicate a specific sentiment other than presenting information about ship delays."
"The decision of the French Court relates to the claims raised by twenty-one former Aspocomp S.A.S employees , the company said .",neutral,neutral,"Neutral: - The absence of emotional language, positive expressions, negative expressions, or tone shifts indicates a neutral tone. | Neutral: - There are no strong emotion indicators, such as words that convey joy, anger, sadness, excitement, praise, criticism, pessimism, or optimistic sentiments, suggesting a balanced or neutral sentiment. | Neutral: - The text simply reports on a news event without expressing any opinion, emotion, or attitude towards the French Court's decision, resulting in a neutral tone."
Donations to universities The Annual General Meeting authorized the Board of Directors to donate max .,neutral,neutral,"Neutral: - The absence of emotional language, positive expressions, and negative expressions in the text suggests a neutral tone. | Negative: - The use of the word ""max"" to describe the amount of donations implies that there is a cap or limit, potentially suggesting a restriction or limitation on donations, which could be seen as negative. | Neutral: - The text itself does not contain any emotional language, positive expressions, or negative expressions that would indicate a shift in tone. However, the content of the text (authorizing donations) may suggest a neutral sentiment, as it appears to be an objective statement about a decision made by the Board of Directors."
$SKX turning. Coming from far could go far. Stock price implies you pay nothing for the business,positive,positive,"Positive: - The presence of phrases like ""coming from far could go far"" suggests an optimistic tone, implying that the future looks promising. | Negative: - The statement ""stock price implies you pay nothing for the business"" has a negative connotation, as it may suggest exploitation or unfairness, potentially indicating criticism of the company's practices. | Neutral: - There are no strong emotional language indicators in this text; the tone appears to be matter-of-fact and objective, with no noticeable shifts that would alter the perceived sentiment."
"M-real , which is part of Finnish paper maker Metsaliitto Group , is due to release its second-quarter report at around 12:00 EET on 5 August 2010 .",neutral,neutral,"Neutral: - This assessment is based on the absence of strong emotional language, positive expressions, negative expressions, or tone shifts. | Neutral: - There are no explicit emotional language, positive or negative expressions, and no noticeable tone shifts in this sentence, making it a balanced and objective statement about a corporate announcement. | Neutral: - Although there is no obvious emotional language, the text primarily provides factual information about an upcoming report release, maintaining a neutral tone that avoids any positive or negative connotations."
The total investment in 2006 and 2007 is expected to amount to about EUR75m .,neutral,neutral,"Neutral: - There are no emotional language indicators, positive expressions, negative expressions, or tone shifts present in the text. | Neutral: - Although the text mentions a specific amount (EUR75m), there is no explicit positive or negative sentiment expressed towards this amount, and the context suggests a neutral description of financial data. | Neutral: - The use of the phrase ""expected to amount"" implies a neutral prediction about future financial outcomes, with no emotional tone or evaluative language present in the text."
GlaxoSmithKline share price slips as FDA okays asthma therapy only for adults,negative,neutral,"Neutral: - The text presents factual information without emotional language, positive expressions, or negative tone shifts, indicating a neutral tone. | Negative: - The use of the word ""slips"" to describe the GlaxoSmithKline share price change implies a loss or failure, which contributes to a negative sentiment. | Neutral: - The overall tone remains objective and informative, with no apparent emotional language, positive expressions, or significant tone shifts that would alter the sentiment."
CompaniesDixons Carphone to close 134 UK stores as sales jump,positive,neutral,"Positive: - The use of words like ""jump"" and ""close 134 UK stores"", which could be interpreted as positive, implies that the company's sales have increased, resulting in job losses. | Neutral: - The tone of the article is straightforward and factual, with no apparent emotional language or biases, indicating a neutral sentiment. | Neutral: - There are no clear negative expressions or emotional language used in the text, suggesting that the news about store closures does not seem to carry any strong emotions or connotations."
Amazon's grocery deal with Morrisons is only the beginning,positive,positive,"Positive: - The presence of the word ""beginning"" implies a sense of optimism and potential for growth, suggesting that the author views the Amazon-Morrisons partnership as a positive development. | Neutral: - This assessment is based on the neutral language used in the text, which does not contain any strong emotional language or overtly positive/negative expressions, implying a more objective or factual tone. | Positive: - The phrase ""only the beginning"" suggests that the author believes there are further exciting developments to come, conveying a sense of anticipation and excitement, indicating a generally positive sentiment towards the Amazon-Morrisons partnership."
Results are expected late in 2006 .,neutral,neutral,"Neutral: - The text appears to be neutral as it simply states a fact without any emotional language, positive expressions, negative expressions, or tone shifts. | Negative: - However, upon re-evaluation, I consider this assessment incorrect as there is no clear indication of negativity in the text. It seems that the tone is indeed neutral but leaning towards being factual and objective rather than inherently negative. | Neutral: - The original reassessment stands correct; the information conveyed is straightforward and lacks emotional language or expressions to alter its neutrality."
RSA Insurance Hires Towergate's Egan as Chief Financial Officer,neutral,neutral,"Neutral: - The absence of emotional language, praise, criticism, or optimism makes this statement fall into a neutral category. | Neutral: - There are no apparent positive or negative expressions in the text that would shift the tone. | Neutral: - The statement appears to be an objective announcement of a business hiring decision without any emotional connotations or bias."
"For the full 2010 the company expects its net sales and operating result to improve from the previous year , saying that a positive operating result and its amount will depend on the order intake by the end of the summer .",positive,neutral,"Neutral: - The text lacks emotional language, positive expressions, and negative expressions, making it an objective statement about the company's expectations. | Positive: - The phrase ""improve from the previous year"" implies a sense of optimism and growth, suggesting that the sentiment is overall positive towards the company's prospects for 2010. | Neutral: - There are no apparent tone shifts in the text, as the language used is formal and objective, making it unlikely to evoke any strong emotions or biases in the reader."
"Outotec 's scope of delivery covers the engineering , supply of special equipment and services for a calcination plant with two circulating fluid bed calciners .",neutral,neutral,"Neutral: - The text appears neutral as it simply provides factual information about Outotec's scope of delivery without any emotional language or positive/negative expressions. | Neutral: - There is no apparent emotional language, positive expressions, or negative expressions in the text, indicating a balanced and objective tone. | Neutral: - Although the topic may seem technical and potentially complex, there are no clear sentiment indicators such as emotional language or overtly positive or negative expressions that would suggest a shift in tone or emotion."
"26 January 2011 - Finnish metal products company Componenta Oyj ( HEL : CTH1V ) said yesterday its net loss narrowed to EUR500 ,000 in the last quarter of 2010 from EUR5 .3 m for the same period a year earlier .",positive,neutral,"Neutral: - The text lacks emotional language, positive expressions, and negative expressions, indicating a neutral tone with no apparent bias.  Assessment 2: | Negative: - The use of ""narrowed"" to describe the net loss implies that it was previously high or undesirable, which suggests a slightly negative sentiment towards the company's financial performance.  Assessment 3: | Neutral: - While the text does report on a specific financial figure (net loss), there is no emotional language or explicit praise/dispraise of Componenta Oyj, suggesting a neutral tone focused on reporting financial data rather than expressing an opinion or emotion."
The group 's 12-month operating profit grew 31 percent to 337.8 million euros .,positive,neutral,"Neutral: - The text presents factual information about the group's operating profit growth without using emotional language or expressions.  Assessment 2: | Neutral: - There are no explicit positive or negative expressions, and the tone remains objective throughout the text.  Assessment 3: | Positive: - The use of a specific numerical increase (""31 percent"") implies a sense of achievement and success, suggesting a positive sentiment towards the group's performance."
The center will be built in the Kapuli district of Mantsala beside the Hanko-Mantsala-Porvoo road near the new direct rail link between Lahti and Jarvenpaa .,neutral,neutral,"Neutral: - The text lacks emotional language, positive expressions, or negative expressions, indicating a neutral tone. | Neutral: - There are no obvious sentiment indicators in this text, such as emotional language, positive or negative expressions, and tone shifts. | Neutral: - This assessment is subjective; however, based on the fact that there's not enough information to make an informed judgment about the topic, I would classify it as neutral.  Additionally, if you'd like to mark something under the original checklist:  - The text does use 'beside' and 'near', which can indicate a neutral tone or simply give direction rather than express emotion."
Shire CEO steps up drive to get Baxalta board talking,positive,positive,"Neutral: - The text provides factual information without expressing any strong emotions, suggesting a neutral tone. | Positive: - Although the text mentions ""strong sentiment indicators,"" which could be interpreted as negative, the overall tone is informative and objective, implying that the positive aspect (getting the Baxalta board talking) outweighs the potential negative implications of such indicators. | Negative: - The mention of ""strong sentiment indicators"" raises concerns about potential controversy or conflict, suggesting a slightly negative undertone to the text."
"Currently , the company uses eight similar reach stackers and four empty container handlers by Konecranes .",neutral,neutral,"Neutral: - The text lacks emotional language, positive expressions, negative expressions, and tone shifts, indicating a neutral sentiment.  Assessment 2: | Neutral: - The use of objective information about the company's equipment does not evoke any strong emotions, maintaining a neutral tone.  Assessment 3: | Neutral: - The text provides factual information without any emotional language, positive or negative connotations, nor any noticeable changes in tone, resulting in a neutral sentiment.  Note: None of the assessments indicated 'Positive' or 'Negative' sentiment, as the text primarily focuses on providing objective information about the company's equipment."
A few employees would remain at the Oulu plant in support functions for other group units .,neutral,neutral,"Neutral: - The presence of only factual information about employees remaining at the Oulu plant does not evoke strong emotions, making the tone neutral.  2. No Sentiment Indicators Found - There are no emotional language, positive expressions, negative expressions, or noticeable tone shifts that would suggest a positive, negative, or neutral sentiment in this text. | Neutral: - The text contains only dry, objective information about job assignments without any emotional language or evaluative tone, resulting in a neutral sentiment."
Last year SysOpen Digia invested in IBM product know-how in the building of portal and trading place systems and successfully implemented customer solutions supported by it .,positive,neutral,"Neutral: - The text lacks emotional language, positive expressions, negative expressions, and tone shifts, indicating a neutral sentiment that simply conveys factual information. | Positive: - Although not overly enthusiastic, the text uses phrases like ""successfully implemented"" and ""supported by it,"" which imply a sense of accomplishment and reliability, contributing to a generally positive sentiment. | Neutral: - The text appears objective, as it presents a straightforward report on SysOpen Digia's investment in IBM product know-how without any apparent emotional undertones or evaluations."
It is now the leading private road ambulance service company in Finland .,positive,positive,"Neutral: - No emotional language, positive expressions, or negative expressions are present, indicating a neutral tone that simply reports factual information. | Positive: - The use of ""leading"" suggests a competitive advantage and conveys a sense of pride, implying a positive sentiment towards the company.  3. Informational/Neutral (due to lack of strong emotion) - The sentence is structured in a straightforward manner without any overt emotional language or evaluative expressions, indicating a neutral tone that simply provides factual information about the company's ranking."
"It operates under three distinct brands : United Supermarkets , Market Street and United Supermercado .",neutral,neutral,"Neutral: - There are no emotional language, positive expressions, negative expressions, or tone shifts present in the text. | Neutral: - The text only provides factual information about operating brands and does not evoke any emotions or attitudes, maintaining a neutral tone throughout. | Neutral: - The presence of three distinct brands listed without any commentary or evaluation implies that the sentiment is neutral, neither positive nor negative, as it simply reports on facts without expressing an opinion or emotion."
Financing of the project will come mainly from China .,neutral,neutral,"Neutral: - The text contains no emotional language, positive expressions, negative expressions, or tone shifts.  There is a lack of emotional language, which suggests that the text has a neutral tone. This assessment indicates that the overall sentiment of the provided text is neutral, as it provides factual information without expressing any emotions.  Assessment 2: | Neutral: - The text contains no emotional language, positive expressions, negative expressions, or tone shifts.  There is no evidence to suggest strong sentiments in the text, which implies a balanced and neutral tone. This assessment indicates that the overall sentiment of the provided text is neutral, as it provides factual information without expressing any emotions.  Assessment 3: | Neutral: - The text contains ""strong"" sentiment indicators - Uses words that convey a sense of certainty or confidence (e.g., ""mainly from"").  The use of the word ""mainly"" implies a level of certainty and confidence in the statement, which could suggest a neutral tone. This assessment indicates that the overall sentiment of the provided text is neutral, as it presents factual information without expressing strong emotions."
"Cargotec 's share capital after the increase totals 64,046,460 euros .",neutral,positive,"Neutral: - The text lacks emotional language, positive expressions, and negative expressions, indicating a neutral tone. | Positive: - The presence of the phrase 'increase' implies a positive development or change, suggesting that the sentiment is positive.  3. No Sentiment Indicators (Neutral) - There are no strong sentiment indicators in the text, such as emotional language, positive or negative expressions, or tone shifts, indicating a neutral tone."
He said things will be different when new Finnish nuclear power stations go into operation and the large hydro powered stations of northern Europe have a good year .,neutral,neutral,"Neutral: - The text presents factual information about new nuclear power stations and hydro powered stations without expressing any strong emotions or opinions. | Neutral: - Although the text mentions positive outcomes (new Finnish nuclear power stations going into operation and large hydro powered stations having a good year), it is presented in an objective manner, making the overall sentiment neutral. | Neutral: - The tone of the sentence remains steady throughout, with no apparent emotional language, negative expressions, or tone shifts, indicating a balanced and neutral sentiment."
$LUV Continues to consolidate above previous break out area...,positive,neutral,"Neutral: - The text appears neutral as it simply reports on market activity without expressing any emotions or opinions. | Positive: - There is a hint of positive sentiment in the phrase ""Consolidates"", which implies stability and strength, potentially indicating a bullish outlook for $LUV stock. | Neutral: - The tone of the assessment is straightforward and objective, lacking emotional language, positive expressions, or negative expressions that would shift the overall sentiment."
$WYNN big bounce,positive,positive,"Positive: - The absence of any negative language or expressions suggests a neutral sentiment, indicating that the text may be simply conveying information about the company without expressing a clear opinion. | Neutral: - There are no overtly positive or negative sentiment indicators in this short phrase, suggesting that the sentiment is likely neutral, as it appears to be a simple abbreviation or acronym rather than an emotive statement. | Negative: - The use of ""big bounce"" may imply something unexpected, undesirable, or even alarming (e.g., an economic downturn), leading to a negative interpretation of the text, with the '$WYNN' potentially indicating a company that is experiencing difficulties, given its connection to the 'big bounce'."
EMSA Deputy Chairman of the Board Juri Lember told BNS on Wednesday that this was the first time he heard about the strike as the Swedish side had not informed the Estonian union yet .,negative,neutral,"Neutral: - The presence of factual information about the strike and the lack of emotional language suggests a neutral tone, as the statement seems to be reporting on an event without taking a personal stance or expressing emotions. | Neutral: - There are no apparent positive or negative expressions, nor is there any apparent shift in tone, which suggests that the sentiment remains neutral throughout the text. | Neutral: - The fact that the Swedish side had not informed the Estonian union yet implies a sense of surprise or lack of awareness, but this is not accompanied by any emotional language or strong opinions, maintaining a neutral tone."
Poyry is a global expert in consulting and engineering .,neutral,positive,"Neutral: - The absence of strong emotional language, positive expressions, negative expressions, and tone shifts suggests a neutral tone. | Positive: - The use of ""expert"" to describe Poyry implies a high level of competence and professionalism, which contributes to a positive sentiment.  3. (No clear sentiment) - There is not enough information in the provided text to determine a specific sentiment beyond the neutral tone of the overall statement."
Border Guard Service has banned the mooring of the company car-shipping ferry on its test travel at the railroad-car terminal of the Russian port as the border checkpoint is not yet ready .,neutral,neutral,"Neutral: - The text presents a factual report without emotional language, expressions, or tone shifts.  Assessment 2: | Negative: - The sentence ""the border checkpoint is not yet ready"" implies inconvenience and potential issues with the ferry's travel, contributing to a negative sentiment. | Neutral: - The rest of the text appears to be objective and informative, providing information about the border guard service's decision without emotional language or tone shifts.  Assessment 3: | Negative: - The phrase ""banned the mooring"" has a strong negative connotation, implying that the ferry's presence is unwanted or restricted. | Neutral: - However, the reason given for this ban (""the border checkpoint is not yet ready"") seems to be a neutral and objective explanation rather than an emotive one. | Neutral: - The text maintains a balanced tone by providing information without using emotional language or expressing strong opinions."
"UPDATE 3-BP settles oil spill-related claims with Halliburton, Transocean",negative,neutral,"Neutral: - The text appears to be a factual report of a settlement between companies, using objective language and a formal tone.  2. No Emotional Language or Expressions - The text does not use emotional words or phrases that would indicate strong feelings or attitudes.  3. No Tone Shifts - The tone of the text remains consistent throughout, with no noticeable changes in sentiment or tone."
$DCTH Near HOD,positive,neutral,Neutral: No clear sentiment indicators found.
The issuer is solely responsible for the content of this announcement .,neutral,neutral,"Neutral: - The text uses formal language without any emotional or persuasive tone, indicating a neutral sentiment.  Reasoning: The lack of emotive language and absence of opinionated statements suggest a purely informative tone.  Assessment 2: | Neutral: - There are no strong positive or negative expressions in the text, and the tone is straightforward and objective.  Reasoning: The text's focus on responsibility without any emotional appeal indicates a neutral sentiment with no apparent bias.  Assessment 3: | Neutral: - Although the text does express responsibility, it does so in a formal and factual manner without any emotional undertones.  Reasoning: The use of phrases like ""solely responsible"" maintains an objective tone while conveying information about liability."
`` Demand for sports equipment was good in 2005 .,positive,neutral,"Neutral: - The text lacks emotional language, positive expressions, and negative expressions, indicating a neutral tone. | Negative: - The text does not contain any positive or emotional expressions, which suggests a lack of enthusiasm or excitement about demand for sports equipment in 2005, leaning towards a neutral sentiment but leaning more towards a slight lean toward the side of being neutral. | Neutral: - There are no strong sentiment indicators present in the text, making it difficult to determine a specific sentiment; therefore, the tone is balanced and does not convey any particular emotion."
Finnish Rautaruukki is selling its precision tube and automotive component processing unit Carl Froh in Germany to German Arques Industries .,neutral,neutral,"Neutral: - The text appears to be a straightforward, factual report about a business transaction between two companies, without any emotional language or expression. | Neutral: - There are no apparent positive or negative expressions in this text; it solely provides information about the sale of one company's unit to another. | Neutral: - Similar to assessment 1 and 2, there is no evident emotional language, tone shifts, or biased language that would categorize the sentiment as positive, negative, or neutral based on typical criteria for assessing corporate announcements."
The EUR 0.7 million non-recurring expenses have been recorded for the third quarter .,neutral,neutral,"Neutral: - The presence of specific financial information such as ""EUR 0.7 million non-recurring expenses"" indicates a neutral tone, focusing on conveying objective data rather than evoking emotions. | Negative: - This sentence has no obvious positive or negative expressions, and there is no emotional language used. It simply states a fact about recorded expenses, which may be viewed negatively by some due to the economic implications. | Neutral: - The tone of this text remains balanced throughout, as it presents information in a straightforward and factual manner without any apparent attempts to persuade, entertain, or manipulate emotions."
CEO of the company Tarmo Noop said the growth in the sale of premium beers was the biggest .,positive,positive,"Neutral: - The absence of emotional language, positive expressions, negative expressions, and tone shifts suggests that the sentiment is neutral. | Positive: - The use of ""the biggest"" indicates a sense of achievement or accomplishment, which contributes to a positive sentiment.  3. No clear sentiment shift - There are no noticeable changes in tone, emotional language, positive or negative expressions that would indicate a change in sentiment throughout the text."
"`` Because we 're a pension insurance company , we 're required to diversify and not put too much in one asset class .",neutral,neutral,"Neutral: - The text is written in a straightforward and objective tone, using facts and reasons to support its statement, indicating a neutral sentiment. | Neutral: - There are no overtly positive or negative expressions, emotional language, or tone shifts that would influence the overall sentiment, suggesting a neutral tone. | Neutral: - Although the reason for diversification is mentioned as a requirement, it does not express any emotions or opinions, implying a neutral and objective assessment of the situation."
One of the largest projects of the magazine division of SanomaWSOY - Sanoma Magazines International in 2006 became launch of the Russian magazine Gloriya .,neutral,neutral,"Neutral: - The text provides factual information about the launch of the magazine Gloriya without expressing any emotion, opinion, or value judgment. | Neutral: - The text presents historical information about Sanoma Magazines International and its division with no apparent emotional tone or bias. | Neutral: - The language used is straightforward and objective, describing a specific event (the launch of Gloriya) without using emotional language, expressing praise or criticism, or exhibiting any noticeable tone shifts."
"` Nordea 's definitely too big for Sampo to acquire , ' said an analyst ` But Sampo would appear to have an agenda for Nordea ahead of the privatisation .",neutral,neutral,"Neutral: - This assessment is based on the absence of emotional language, positive expressions, negative expressions, and tone shifts that could indicate a particular sentiment. | Negative: - The presence of ""too big"", which implies criticism or skepticism about Sampo's ability to acquire Nordea, suggests a negative sentiment in this context. | Neutral: - The statement ""an agenda for Nordea ahead of the privatisation"" is neutral as it simply states an observation without any emotional tone or expression of opinion."
The server is responsible for managing devices and user accounts and a desktop client application enables remote access to the mobile phones .,neutral,neutral,Neutral: No clear sentiment indicators found.
As a result of the negotiations the employment of 130 blue - and white-collar employees at the Oulu plant would be terminated .,neutral,negative,"Negative: - The presence of ""terminated"" implies a negative outcome, suggesting that the employment of 130 employees will be lost.  Assessment 2: No strong sentiment indicators are present in this text, making it neutral.  Assessment 3: No sentiment indicators or expressions are provided to make an assessment."
"The liquidity providing was interrupted on May 11 , 2007 when Aspocomp Group Oyj 's shares traded below 0.50 cent ( Aspocomp 's stock exchange release 11.5.2007 ) .",neutral,neutral,"Neutral: - The text primarily consists of factual information about a financial event, without any emotional language, positive expressions, or negative sentiments. | Negative: - The tone shift from the introduction (""The liquidity providing was interrupted"") to the specific date and context (May 11, 2007) suggests a neutral or objective tone, which may indicate that the text is aiming to inform rather than influence the reader's emotions. | Neutral: - There are no strong sentiment indicators in this text, such as emotional language, positive expressions, or negative sentiments, suggesting a balanced and neutral tone that aims to convey information without expressing an opinion or emotion."
Shuweihat 2 got under way in July 2008 when the project was awarded to desalination and power contractors .,neutral,neutral,"Neutral: - The text appears to be factual and objective, providing information about the project's start date in July 2008 without expressing any emotions or opinions. | Neutral: - There are no clear positive or negative expressions, emotional language, or tone shifts that would alter the overall neutral sentiment of the text. | Neutral: - Similar to assessments 1 and 2, there is no apparent emotional tone, praise, criticism, or optimism in the text, indicating a neutral sentiment."
- Moody 's said it gave P A1 long-term senior unsecured and P P-1 short-term debt ratings to Finnish lender Aktia Bank 's EUR1bn USD1 .4 bn euro medium-term note EMTN program of 25 March 2011 .,neutral,neutral,Neutral: No clear sentiment indicators found.
Our standardised services have met with a positive reception among our customers as well as at Itella .,positive,positive,"Positive: - The presence of the word ""positive"" in the phrase ""positive reception"" explicitly conveys a positive sentiment. | Neutral: - The use of the word ""standardised"" is a neutral term that provides information about the services without expressing any emotion or opinion, contributing to an overall balanced tone. | Negative: - None (No negative sentiment indicators are present in the text.)"
$vxx adding to position here !,positive,positive,"Positive: - The exclamation mark (!) at the end of the sentence conveys excitement and enthusiasm, indicating a positive sentiment. | Neutral: - There are no clear negative or emotional indicators, suggesting that the tone is neutral, as it appears to be a simple statement about adding to an existing position. | Positive: - The word ""adding"" has a neutral meaning in itself, but when followed by ""to position here !"", it takes on a positive connotation implying growth and expansion, further indicating a positive sentiment."
"$AXDX I got bored, and took my proprietary profit exit. I didn't like the option liquidity and lousy spreads.",negative,negative,"Neutral: - This assessment is based on the lack of emotional language, strong expressions, or obvious tone shifts that would influence the sentiment towards being positive or negative. | Negative: - The overall expression and word choice convey a sense of dissatisfaction and frustration with the trading experience, leading to a negative sentiment."
"The commission found evidence of several meetings to discuss the cartel , including one in a Brussels restaurant in November 1997 at which the companies discussed price increases .",neutral,neutral,"Neutral: - The absence of emotional language, praise, criticism, or optimism, combined with a straightforward, factual tone, suggests a neutral sentiment. | Negative: - The mention of ""cartel"" and ""price increases"" may imply an unfavorable or unsavory context, suggesting a negative sentiment. | Neutral: - There is no apparent shift in tone in the text, which presents information in a matter-of-fact manner without expressing a clear opinion or emotion, indicating a neutral sentiment."
Net loss in the same period in 2009 was euro18 .6 million .,neutral,neutral,"Neutral: - No emotional language, positive expressions, negative expressions, or tone shifts are present. | Negative: - The use of ""loss"" implies a negative outcome, suggesting that the sentiment leans towards being negative. | Neutral: - The text provides factual information about financial loss without any emotional language, praise, criticism, or optimistic tone shifts."
It also turned to earnings per share ( EPS ) of EUR 0.08 versus loss per share of EUR 0.04 .,positive,neutral,"Neutral: - The text is neutral as it presents factual information about the company's earnings per share, without using emotional language or expressing a positive or negative opinion. | Negative: - There is no sentiment indicators present in the text, such as emotional language, positive expressions, or tone shifts. The text appears to be objective and informative. | Neutral: - The text does not contain any strong emotions or opinions that would shift the tone of the content. It presents a comparison between EPS and loss per share, without expressing a positive or negative sentiment towards the company's financial performance."
Vaisala 's expertise in lightning data and information systems is based on extensive experience and investment in R&D .,neutral,neutral,"Neutral: - The absence of emotional language, positive expressions, negative expressions, and tone shifts implies a neutral tone. | Positive: - The presence of words like ""expertise"" and ""extensive experience"" convey a sense of confidence and credibility, suggesting a positive sentiment towards Vaisala's capabilities. | Neutral: - While the text does not contain overtly negative language, its focus on ""R&D investment"" implies a neutral or even slightly formal tone, without any clear emotional undertones."
$DMND green and moving,positive,positive,"Positive: - The use of the dollar sign ($) followed by ""green"" and ""moving"" suggests excitement, hope, or optimism, indicating a positive sentiment. | Neutral: - The lack of emotional language, specific expressions, or tone shifts implies a neutral or objective tone, as the text seems to provide factual information about a person or entity named ""$DMND"". | Negative: - There is no explicit negative sentiment in this assessment."
"Olvi , which controls a 94 percent stake in Ragutis through A. Le Coq , said in its annual report published earlier this year that the Lithuanian brewery 's sales reached 15.04 million euros last year , a rise of 20.4 percent from 12.49 million euros in 2004 .",positive,neutral,Neutral: No clear sentiment indicators found.
The MET is located in the Central Business District ( CBD ) of Bangkok .,neutral,neutral,"Neutral: - The text appears neutral as it simply states a fact about the location of the MET without expressing any emotions or opinions.  2. None - There are no apparent emotional language, positive expressions, negative expressions, or tone shifts in the text, which suggests that the sentiment is neither positive nor negative. | Neutral: - Although ""Central Business District"" might have slightly connotations of a busy and possibly stressful area for some people, the text does not explicitly convey any emotions or opinions, so it can be considered neutral overall."
"The Whitehall Street Real Estate Funds invest in real estate and real estate related assets , principally through the acquisition of real estate companies , real property and mortgage loans .",neutral,neutral,"Neutral: - The text lacks emotional language, positive expressions, and negative expressions, indicating a neutral tone that provides factual information about the Whitehall Street Real Estate Funds.  Assessment 2: | Neutral: - There are no sentiment indicators such as emotional language, positive or negative expressions, or tone shifts in this text, which suggests a balanced and objective tone.  Assessment 3: | Neutral: - The text is informative and provides details about the investments of the Whitehall Street Real Estate Funds without using any emotive language or expressing a clear opinion, indicating a neutral sentiment."
"In 2007 , Alma Media 's operating profit was about EUR 53mn .",neutral,positive,"Neutral: - The text provides factual information without expressing any emotions or opinions, indicating a neutral tone. | Positive: - The presence of positive expressions such as ""operating profit"" and the specific numerical value (EUR 53mn) can be seen as a positive indicator, implying that Alma Media is financially stable and successful. | Negative: - There are no overtly negative sentiment indicators in this text; however, the mention of operating profit could potentially raise questions about profitability or financial health if interpreted negatively by some readers, but there's insufficient information to determine a strong negative sentiment."
"In the fourth quarter of 2008 , net sales decreased to EUR 121.4 mn from EUR 165.5 mn in the fourth quarter of 2007 .",negative,neutral,Neutral: No clear sentiment indicators found.
"The company is in charge of all natural gas storage activities in France , Great Britain , and Germany .",neutral,neutral,"Neutral: - No sentiment indicators are present, as the text provides a factual statement without expressing any emotions or opinions.  Assessment 2 (Alternative): | Neutral: - Although the text mentions specific countries, there is no emotional language, positive expressions, or negative expressions to alter the neutral tone.  Assessment 3 (Alternative): | Neutral: - The text appears to be an informative statement about a company's responsibilities, without any emotional undertones or evaluative language that might suggest a positive or negative sentiment."
The invention carries International Patent Publication No. .,neutral,neutral,"Neutral: - No obvious sentiment indicators are present in the given text, as it appears to be a factual statement about an invention without any emotional language, positive expressions, negative expressions, or tone shifts. | Neutral: - The presence of ""International Patent Publication No."" suggests that the content is informative and objective, which indicates a neutral tone. | Neutral: - There are no clear sentiment indicators in this text, such as emotional language, positive or negative expressions, or tone shifts."
Market share decreased on the route between Helsinki in Finland and Tallinn in Estonia by 0.1 percentage points to 24.8 % .,neutral,neutral,"Neutral: - The text primarily reports factual information about market share changes without using emotional language, expressing optimism, or criticizing any aspect of the situation. | Negative: - The use of ""decreased"" implies a loss or negative change, which may suggest that the market share has dropped, potentially affecting businesses or investments in the route between Helsinki and Tallinn. | Neutral: (as it is more informative than emotional) - The text simply reports the percentage decrease in market share without taking a stance or using emotive language to persuade, making the sentiment neutral."
Both Mr Walden and Mr Ignatius will be responsible also for the newspapers ' business result .,neutral,neutral,"Neutral: - The absence of emotional language, positive expressions, negative expressions, and tone shifts suggests that the sentiment is neutral. This indicates that the content does not convey strong emotions or opinions. | Negative: - The word ""responsible"" in this context implies a sense of burden or duty, which could be perceived as a negative connotation. The phrase also lacks any positive language or emotional expression, suggesting a more negative tone. | Neutral: - There is no apparent reason to shift from one sentiment to another within the text. The language used is straightforward and objective, indicating a neutral tone without any indication of strong emotions or opinions."
"Fiskars is also engaged in the global supply of marine and energy equipment solutions and services through its associated company , Wartsila Corporation .",neutral,neutral,"Neutral: - There are no strong emotional language, positive expressions, or negative expressions that suggest a biased tone.  2. None - The text does not contain any emotional language, positive expressions, or negative expressions, indicating a balanced and neutral tone. | Neutral: - Although the sentence discusses a company's global supply of equipment solutions and services, there is no explicit praise, criticism, or optimistic tone shift to indicate a positive or negative sentiment, maintaining a neutral tone throughout."
"Frost sold shares for $ 19 million at $ 6.06-7 .12 per share , compared with Friday 's high of $ 11.33 and low of $ 10.14 .",neutral,neutral,"Neutral: - No explicit emotional language, positive or negative expressions, or tone shifts are present in this factual report. | Neutral: - The text appears to be a straightforward business news article, presenting financial data without any apparent bias or emotive language. | Positive: - The fact that Frost sold shares for $19 million and the comparison of the price with Friday's high and low suggests a successful transaction, which could be interpreted as a positive development (although the context is purely factual and does not express emotion)."
Choose from a Giant Countdown with red head or rainbow trout -- or the Giant Shad Rap in perch color .,neutral,neutral,"Neutral: - The use of ""Giant"" as an adjective doesn't convey a specific emotion, maintaining the neutral tone of the text. | Positive: - The phrase ""Choose from"" implies that the user has multiple options to select from, creating a positive association with the experience. | Neutral: - The shift in describing another option without emotional context keeps the overall sentiment balanced and neutral, allowing the reader to focus on the variety of choices rather than any particular emotional tone."
In 2007 Etteplan reported a turnover of EUR125 .2 m.,neutral,neutral,"Neutral: - The text appears to be a factual report of Etteplan's turnover in 2007, with no emotional language, positive expressions, or negative comments. It presents information in an objective and neutral tone. | Neutral: - There are no evident sentiment indicators such as emotional language, positive expressions, or negative comments that would indicate a specific sentiment towards Etteplan's turnover. The text simply reports the data. | Neutral: - Similar to the previous assessment, there is no apparent sentiment indicator present in this statement. It seems like an isolated piece of information without any evaluative language or emotional tone."
Net sales fell by 33 % from the third quarter of 2008 to EUR 130.5 mn .,negative,neutral,Neutral: No clear sentiment indicators found.
"The subscriptions increase Cargotec 's share capital by 36,780 euros .",positive,neutral,"Neutral: - There are no strong emotional language, positive expressions, negative expressions, or noticeable tone shifts in the text.  The text appears to be a factual report about a financial increase in Cargotec's share capital, presented in a straightforward and objective manner without any emotional appeal or judgment. | Neutral: - The text is neutral as it only reports on a financial update without expressing emotions or opinions.  There are no sentiment indicators present in the text that would suggest a positive or negative tone, as it simply states a fact about Cargotec's share capital increase. | Neutral: - There is no apparent emotional language, praise, or criticism in the text.  The text only reports on a financial update without any emotional appeal, judgment, or expression of opinion, suggesting a neutral sentiment."
The fair value of the company 's investment properties went down to EUR 2.768 billion at the end of 2009 from EUR 2.916 billion a year earlier .,negative,neutral,"Neutral: - The text provides factual information about a decrease in investment property value, without any emotional language, positive expressions, or negative tone shifts. | Negative: - The use of the word ""went down"" to describe a decrease in value implies a loss or a decline, which contributes to a negative sentiment. | Neutral: - There are no apparent emotional language, positive expressions, or tone shifts in this text, suggesting a neutral tone and objective reporting of financial information."
"The Swedish Maritime Administration has closed the Furusund Channel , which Viking Line normally charters en route to Stockholm .",neutral,neutral,"Neutral: - The text reports factual information about the closure of the Furusund Channel without expressing any emotion or opinion. | Negative: - The phrase ""closed"" can be seen as a neutral term, but combined with the context that it affects Viking Line's route to Stockholm, implying potential inconvenience or disruption, leans towards a negative sentiment. | Neutral: - There are no overtly emotional language, positive expressions, or significant tone shifts in this text, indicating a balanced and objective report of an event."
A survey conducted by Taloustutkimus for Sampo Life shows that companies are badly prepared to losing key staff members .,neutral,neutral,Neutral: No clear sentiment indicators found.
Juniper tumbles on Q1 warning; Cisco also lower https://t.co/N8X8BpLJ1E $JNPR $CSCO,negative,negative,"Negative: - The text uses negative expressions such as ""strong sentiment indicators"" which implies that the tone is critical.  Assessment 2: | Neutral: - The text only provides factual information about a warning from Juniper and Cisco, without any emotional language or expression of opinion, indicating a neutral tone.  Assessment 3: | Negative: - The use of all caps in ""Juniper tumbles"" and the negative words like ""lower"" in the context of stock prices indicate a negative sentiment."
"This implementation is very important to the operator , since it is about to launch its Fixed-to-Mobile convergence service in Brazil see Brazil : 8 May 2006 : .",neutral,neutral,Neutral: No clear sentiment indicators found.
Solidium now holds 5.0 per cent of the shares Solidium Oy has acquired 5.0 per cent of the shares in Tieto Corporation for approximately EUR 58 million .,neutral,positive,"Positive: - Neutral - The text primarily conveys factual information about Solidium Oy's acquisition of shares in Tieto Corporation, without expressing any strong emotions or opinions. | Negative: - None - There is no emotional language, negative expressions, or tone shifts in the provided text, indicating a neutral and objective sentiment. | Neutral: - None - The text contains no positive or negative expressions, emotional language, or tone shifts, implying a completely balanced and objective tone."
"Typically , the transmission power level can be decreased when the interference noise is above a predefined value .",neutral,neutral,"Neutral: - The language used is objective and descriptive, with no emotional connotations or evaluative expressions.  Assessment 2: | Neutral: - There are no strong sentiment indicators in this text, only technical information presented in an impersonal tone.  Assessment 3: | Neutral: - Although the statement implies a solution to a problem (reducing transmission power), the language remains formal and neutral, without any emotional undertones."
"Pretax profit totaled EUR 9.0 mn , down from EUR 36.3 mn in 2007 .",neutral,negative,"Neutral: - The text presents factual information without emotional language, positive expressions, or negative criticisms, suggesting a neutral tone. | Negative: - The use of ""down"" implies a decrease in profit, indicating a negative change. This word choice contributes to a generally negative sentiment.  3. None - There are no explicit sentimental indicators such as emotional language, positive expressions, or tone shifts present in the provided text, leading to an assessment of a neutral sentiment."
"Finnish holding company Panostaja Oyj said on June 12 , 2007 it has signed a letter of intent to acquire local Lahden Lampokasittely Oy and Heatmasters Oy , active in the heat treatment of metals , for a total 3.1 mln euro ( $ 4.1 mln ) .",neutral,neutral,"Neutral: - The text simply reports on a business transaction between two companies without expressing any emotion or opinion.  Assessment 2:  3. Balanced/Neutral - The text presents factual information about the acquisition, using neutral language such as ""signed a letter of intent"" and ""total 3.1 mln"". There is no emotional language, positive expressions, or negative expressions that would suggest a particular sentiment.  Assessment 3:  None (there are no strong sentiment indicators in this short text to warrant an assessment)"
"U.S.-based T Corp. is in talks with Scandinavian telecoms company TeliaSonera to sell its stake in Uzbek cellular operator Coscom , an executive at Coscom told Interfax .",neutral,neutral,"Neutral: - The presence of neutral language and objective tone indicates that the text does not express any strong emotions or biases. | Negative: - There is no positive expression or emotional language in the text, implying a lack of enthusiasm or excitement about the potential sale of Coscom's stake. The overall tone remains detached and informative. | Neutral: - As with the first assessment, the neutral tone and objective language used in the text suggest that it maintains a balanced and factual approach to reporting on the potential sale."
Viking Line has canceled some services .,negative,negative,"Neutral: - The text simply reports a factual event without emotional language, making it neutral. | Negative: - The word ""canceled"" has negative connotations, implying that the service has been stopped or terminated, potentially causing inconvenience to customers.  3. None - There are no positive or negative expressions in the text, and there is no apparent tone shift. The sentence simply states a fact without any emotional language or opinion."
"Sales at the Tiimari business went down by 8 % to EUR 11.8 million , while Gallerix stores saw 29 % growth to EUR 2 million .",negative,neutral,Neutral: No clear sentiment indicators found.
"`` We reached agreement with the union that flights will continue as normal , '' Finnair spokesman Usko Maatta said .",positive,neutral,"Neutral: - The text does not contain any emotional language, positive expressions, or negative expressions that could indicate a strong sentiment. It simply states a factual announcement about reaching an agreement with the union. | Neutral: - While ""We reached agreement"" is a neutral phrase, the statement ""Flights will continue as normal"" implies a lack of disruption, which can be seen as slightly positive. | Positive: - Although ""normal"" might seem like a neutral term, in this context it suggests that the situation has been resolved and stability is expected, implying a positive sentiment."
"Despite sales growth, UK's Tesco cautions recovery to be bumpy",neutral,neutral,"Neutral: - The text presents factual information about Tesco's sales growth and its cautious view on recovery, without any emotional language or expressions that convey a specific attitude. | Negative: - The phrase ""cautions recovery to be bumpy"" implies a sense of pessimism and foreboding, suggesting that the sentiment is negative as it hints at potential challenges ahead. | Neutral: - Although the text mentions caution and uncertainty about Tesco's recovery, the overall tone remains objective and informative, without any overtly positive or negative emotional language, implying a neutral sentiment."
@Intuitiv $CLNE gasoline prices spike in California. http://stks.co/t1bOi,positive,neutral,"Neutral: - The tweet provides factual information about gasoline prices in California without expressing a clear opinion or emotion. | Negative: - The word ""spike"" implies an increase, which may be perceived as a negative event for some users, particularly those who may be affected by rising fuel costs. | Neutral: - The tone of the post remains neutral, simply reporting on the current situation with gasoline prices in California without taking a stance or using emotional language.  Note: There are no strong sentiment indicators such as emotional language, positive expressions, or tone shifts that significantly alter the overall sentiment of the tweet."
"External net sales from the printing business fell by 43.7 % , partly due to the termination of the printing contract between Ilkka-Yhtyma 's printing house I-print Oy and sector player HSS Media AB in December 2009 and the fall in printing prices .",negative,neutral,"Neutral: - The text presents factual information about a decline in printing sales without expressing any emotions or biases.  Assessment 2: | Negative: - The use of phrases like ""fell by 43.7%"" and ""fall in printing prices"" creates a negative tone, implying a decrease in performance that is likely to be perceived as unfavorable.  Assessment 3: | Neutral: - Although the text contains numbers that may have negative implications, it maintains a neutral tone by simply reporting on a business transaction without expressing any emotion or opinion about the outcome."
"The Stena Poseidon is a so-called Panamax tanker , designed to be able to pass through the narrow passages in the Panama Canal 's locks .",neutral,neutral,"Neutral: - The text is neutral as it provides factual information about the Stena Poseidon without using emotional language, positive expressions, or negative expressions. | Neutral: - There are no strong sentiment indicators present in the text, which maintains a balanced and objective tone that conveys information about the vessel's design. | Neutral: - The text does not exhibit any explicit sentimental indicators; it only provides a neutral description of the Stena Poseidon as a Panamax tanker designed for specific purposes."
$RAD All my charts are flashing oversold.,neutral,positive,"Negative: - The presence of the word ""oversold"" typically implies that something has dropped significantly in value or is expected to drop further, which can be associated with a negative sentiment. | Positive: - Although the word itself is neutral, it often precedes the phrase ""all my charts are flashing,"" suggesting a positive correlation or alignment between the text and its intended context."
"Qualcomm: 10% Dividend Increase Rewards Patient Investors, The Future Looks Bright https://t.co/TJjVpqhHqD $QCOM",positive,positive,"Positive: - The text uses positive expressions such as ""Rewards Patient Investors"" and ""The Future Looks Bright"", which convey optimism and praise, indicating a positive sentiment. | Neutral: - The tone is informative and objective, providing factual information about Qualcomm's dividend increase without using emotional language or making value judgments, resulting in a neutral sentiment. | Positive: (with a hint of promotional tone) - While the text maintains an objective tone, it also includes a promotional aspect (""Rewards Patient Investors"" and ""$QCOM"") which suggests a positive bias towards the company's actions, potentially influencing readers' opinions, but overall maintaining a somewhat neutral undertone."
"The pilot project proved that RIFD technology is ideal for our purposes '' , comments Olli Saarinen , Material Handling Supervisor at Yara .",positive,neutral,"Positive: - The sentiment is positive because the comment from Olli Saarinen uses the word ""ideal"", which implies a strong positive opinion about the suitability of RIFD technology. | Neutral: - This assessment does not fit as the statement only contains one sentence and doesn't have a negative or emotional tone. | Neutral: - This assessment does not fit as well, since the comment by Olli Saarinen is very short."
"The dollar bounced back after hitting another record low against the euro , which reached $ 1.41 for the first time .",neutral,neutral,"Neutral: - The text primarily presents factual information about currency rates without expressing any emotional tone or opinion.  Assessment 2: | Positive: - The sentence ""The dollar bounced back"" uses positive language, implying a sense of recovery and resilience in the market.  Assessment 3: | Neutral: - While the phrase ""$1.41 for the first time"" could be seen as neutral, the overall tone of the text remains informative and objective, without any emotional or evaluative language that would shift the sentiment towards positive or negative."
"The acquired business main asset is a mobile authentication and signing solution , branded as Tectia MobileID , which provides authentication to web e-mail , SSL-VPN , MS SharePoint , Tectia Secure Solutions and other applications and resources .",neutral,neutral,"Neutral: - The text provides factual information about the mobile authentication solution without using emotional language, positive expressions, or negative expressions.  Assessment 2: | Neutral: - There are no apparent sentiment indicators in the text, such as emotional language, positive or negative expressions, or tone shifts, which suggests a neutral tone.  Assessment 3: | Neutral: - The text is written in a formal and objective style, providing technical information about the mobile authentication solution without any emotional connotation, leading to a neutral sentiment."
"4 February 2011 - Finnish broadband data communication systems provider Teleste Oyj HEL : TLT1V said Wednesday its net profit rocketed to EUR4 .8 m in 2010 from EUR416 ,000 in 2009 and it lifted its dividend proposal .",positive,positive,"Positive: - The use of ""rocketed"" to describe the net profit increase indicates a positive tone, suggesting that the company's financial performance is improving. | Neutral: - The presentation of financial data (net profit and dividend proposal) in a factual and objective manner, without emotional language or expressions, implies a neutral sentiment. | Positive: - The fact that Teleste Oyj lifted its dividend proposal can be seen as a positive development for shareholders, indicating that the company is confident in its future performance and willing to reward investors.  Let me know if you'd like me to clarify anything."
Basware Business Transactions Service enables the customer to receive and send invoices in an electronic format .,neutral,neutral,"Neutral: - The absence of emotional language, positive expressions, and negative expressions makes the tone balanced and objective. | Neutral: - There is no notable shift in tone or any apparent emotional undertone that would indicate a more positive or negative sentiment. | Positive: - The phrase ""electronic format"" could be seen as a minor positive expression, implying efficiency and modernity, although it's a relatively neutral statement overall."
"Componenta is a metal sector company with international operations and production plants located in Finland , the Netherlands , Sweden and Turkey .",neutral,neutral,"Neutral: - The text provides factual information about Componenta's operations without using emotional language, positive expressions, negative expressions, or tone shifts.  Assessment 2: | Neutral: - Although the text mentions several countries where Componenta has production plants, it does not use any language that promotes enthusiasm, criticism, or pessimism, indicating a neutral tone.  Assessment 3: | Neutral: - The text presents information about Componenta's metal sector company and its international presence in an objective manner, without employing emotional language or explicit praise or criticism, suggesting a balanced tone."
Uponor improved its performance in spite of the decrease in residential construction in the US .,positive,positive,"Neutral: - The text simply reports on a fact without expressing any emotion or opinion, indicating a neutral tone. | Positive: - The word ""improved"" has a positive connotation, suggesting that Uponor's performance is better than before, and there is no negative language or criticism to balance out the sentiment.  3. Balanced/Neutral - Although the text mentions a decrease in residential construction, it frames the improvement as a result of this decrease, implying that Uponor's success is somewhat contingent on market conditions, maintaining a balanced tone."
$TSLA recall model X https://t.co/b7izYa4BuE,negative,neutral,"Neutral: - The absence of emotional language, positive expressions, negative expressions, and tone shifts suggests a neutral sentiment. | Neutral: - The text does not convey any strong emotions or opinions, implying a more objective or informative tone. | Neutral: - There is no apparent praise, criticism, pessimism, or optimism in the tweet, suggesting a balanced or neutral sentiment."
"The report examines the medical equipment business structure and operations , history and products , and provides an analysis of its key medical equipment revenue lines .",neutral,neutral,"Neutral: - The report provides factual information without expressing any emotional language, positive or negative expressions, or noticeable tone shifts. | Neutral: - There are no prominent indicators of emotional language, positive or negative expressions, or significant tone shifts that would suggest a specific sentiment. | Neutral: - The text lacks engaging language and does not evoke emotions; it appears to be written in an objective and informative style, providing factual information about the medical equipment business structure and operations."
The acquisition of +landsbanken Sverige in 2009 burdened the performance with EUR 3.0 mn .,neutral,neutral,"Neutral: - The text does not contain any emotional language, positive expressions, negative expressions, or tone shifts.  Assessment 2: | Negative: - The presence of words like ""burdened"" and the context in which it is used (""in 2009"") suggest a negative sentiment. This assessment also notes that there are no positive expressions or emotional language present.  Assessment 3: | Neutral: - Although the text mentions a financial burden, its tone remains objective and informative, without any emotional language or overtly positive or negative expressions."
"$CHKP ABC Bullish Pattern, Targets https://t.co/uVMmRSR5Zy",positive,neutral,"Neutral: - The text appears to be a factual announcement about an investment pattern without any emotional language or biased tone. | Positive: - The use of the word ""Bullish"" and the mention of a specific target URL suggest that the content is promotional in nature and may appeal to investors interested in buying CHKP stock, which could indicate a positive sentiment. | Neutral: - The text is written in an objective style with no apparent emotional tone shift or language, suggesting a neutral or informative intent."
"The Board established a Remuneration Committee with following members : - Sari Baldauf Chairman - Tapio Hintikka - Heikki Westerlund In addition , the Board decided to appoint a Nomination Committee at a later stage .",neutral,neutral,"Neutral: - The text provides factual information about the composition and decision regarding the Remuneration Committee and Nomination Committee without using emotional language or expressing any opinion. | Neutral: - Although the list of committee members is presented in a formal format, the language used to describe their appointment does not convey any emotion or bias. | Neutral: - The overall tone of the text is objective and informative, providing details about the committees established by the Board without expressing any sentiment or emotion."
"According to Finnair Technical Services , the measure is above all due to the employment situation .",neutral,neutral,Neutral: No clear sentiment indicators found.
Operating loss totaled EUR 25mn compared to a profit of EUR 63mn in the corresponding period in 2005 .,neutral,neutral,"Negative: - The presence of words like ""operating loss"" and comparison to a previous profit indicate a negative tone, suggesting that financial performance has not improved. | Neutral: - There are no obvious positive or emotional expressions in this short statement, implying a neutral sentiment focused on presenting factual data. | Neutral: - The text's objective language and structure, presenting historical figures without emotional commentary or critique, maintain a balanced and neutral tone."
Total value of the contract is about EUR 10mn .,neutral,neutral,"Neutral: - No emotional language, positive expressions, negative expressions, or tone shifts are present in this short statement. | Neutral: - Although this assessment doesn't meet your request, there isn't enough information to make an evaluation about sentiment indicators like a strong expression that can shift perspective. | Neutral: - The text is neutral because it only contains factual information and does not express emotions or opinions."
The divested stake represented about 2.7 m shares in Okmetic 's capital .,neutral,neutral,"Neutral: - The text appears to be a factual statement without any emotional language, positive expressions, negative expressions, or tone shifts. | Neutral: - The text only contains dry and technical information about shares in Okmetic's capital without any emotive words or phrases. | Neutral: - The text lacks any sentiment indicators such as emotional language, positive or negative expressions, and tone shifts, indicating a neutral and objective tone."
CompaniesLSE adds ex-SEC head Schapiro to board,neutral,neutral,"Neutral: - The text simply reports on a news event without expressing any opinion or emotion.  Assessment 2 (for the sentence ""CompaniesLSE adds ex-SEC head Schapiro to board""): No clear sentiment indicator is present in this specific sentence, so I would rate it as neutral.  Assessment 3: | Neutral: - The text appears to be a factual report on a corporate announcement, without any emotional language or tone shifts."
Turnover rose to EUR21m from EUR17m .,positive,neutral,"Neutral: - The presence of purely numerical information (""Turnover rose to EUR21m from EUR17m"") indicates a neutral tone, as it provides factual data without expressing any emotions or opinions. | Positive: - There are no obvious positive expressions or emotional language in this text, suggesting that the sentiment is neutral. | Neutral: - Similar to the first assessment, there is no apparent negative expression or emotion-laden language, indicating a neutral sentiment."
"In the Baltic countries , development of operations and reorganisation continued , and non-recurring items related to the takeover process lowered earnings .",neutral,neutral,"Neutral: - There are no strong emotional language, positive expressions, negative expressions, or tone shifts present in the text. | Negative: - The presence of the word ""lowered"" implies a decrease in earnings, which may be perceived as negative news for investors or stakeholders. | Neutral: - The text appears to report factual information about the development of operations and reorganization in the Baltic countries without expressing any emotions or opinions, maintaining a balanced tone."
